<?xml version="1.0" encoding="utf-8"?>
<resources>
    <!-- 修改小区工参中 单个工参参数view的自定义属性 -->
    <declare-styleable name="cellEditItemStyle">
        <attr name="cell_edit_item_title" format="string"/>
        <attr name="cell_edit_item_content" format="string"/>
        <attr name="cell_edit_item_mode" format="enum">
            <enum name="text" value="0" />
            <enum name="input" value="1" />
            <enum name="drop" value="2" />
            <enum name="checkbox" value="3" />
        </attr>
    </declare-styleable>

    <declare-styleable name="RoundImageView">
        <attr name="type" format="enum">
            <enum name="circle" value="1" />
            <enum name="round" value="2" />
        </attr>
        <attr name="angle" format="dimension" />
    </declare-styleable>

    <declare-styleable name="DownTitleView">
        <attr name="xylinecolor" format="color" />
        <attr name="linewidth" format="dimension" />
        <attr name="xytextcolor" format="color" />
        <attr name="lineRed" format="color" />
        <attr name="lineYellow" format="color" />
        <attr name="lineBlue" format="color" />
        <attr name="textSize" format="dimension" />
        <attr name="groundGreen" format="color" />
        <attr name="interval" format="dimension" />
        <attr name="bgcolor" format="color" />
        <attr name="textSize2" format="dimension" />
    </declare-styleable>
</resources>
