<resources>

    <!-- Base application theme. -->
    <style name="AppTheme" parent="@style/Theme.AppCompat.Light.NoActionBar">
        <item name="android:windowNoTitle">true</item>
        <item name="android:windowActionBar">false</item>
        <item name="android:windowContentOverlay">@null</item>
        <item name="colorPrimary">@color/mainColor</item>
        <item name="colorPrimaryDark">@color/mainColor</item>
        <item name="colorAccent">@color/mainColor</item>
    </style>

    <!-- BaseDialog的style -->
    <style name="DialogFullScreen" parent="Theme.AppCompat.Dialog">
        <item name="android:windowIsFloating">true</item>
        <item name="android:windowNoTitle">true</item>
        <item name="android:windowTranslucentStatus">true</item>
        <item name="android:background">@android:color/transparent</item>
        <item name="android:windowBackground">@android:color/transparent</item>
        <item name="android:colorBackgroundCacheHint">@null</item>
        <item name="android:backgroundDimEnabled">true</item>
        <item name="android:backgroundDimAmount">0.3</item>
    </style>

    <style name="DialogFullScreenNoDimAmount" parent="Theme.AppCompat.Dialog">
        <item name="android:windowIsFloating">true</item>
        <item name="android:windowNoTitle">true</item>
        <item name="android:windowTranslucentStatus">true</item>
        <item name="android:background">@android:color/transparent</item>
        <item name="android:windowBackground">@android:color/transparent</item>
        <item name="android:colorBackgroundCacheHint">@null</item>
        <item name="android:backgroundDimEnabled">false</item>
        <item name="android:backgroundDimAmount">0</item>
    </style>

    <style name="bottomSheetDialogFullScreen" parent="Theme.AppCompat.Dialog">
        <item name="android:windowIsFloating">true</item>
        <item name="android:windowNoTitle">true</item>
        <item name="android:windowTranslucentStatus">true</item>
        <item name="android:background">@android:color/transparent</item>
        <item name="android:windowBackground">@android:color/transparent</item>
        <item name="android:colorBackgroundCacheHint">@null</item>
        <item name="android:backgroundDimEnabled">false</item>
        <item name="android:windowCloseOnTouchOutside">true</item>
        <item name="android:backgroundDimAmount">0</item>
    </style>

    <!--    参考页面的文字样式-->
    <style name="referTextLayoutStyle">
        <item name="android:layout_width">0dp</item>
        <item name="android:layout_weight">1</item>
        <item name="android:layout_height">match_parent</item>
        <item name="android:orientation">vertical</item>
        <item name="android:paddingStart">10dp</item>
        <item name="android:paddingEnd">10dp</item>
    </style>

    <style name="referSubTitleStyle">
        <item name="android:paddingTop">10dp</item>
        <item name="android:textColor">@color/white</item>
        <item name="android:textSize">16sp</item>
        <item name="android:textStyle">bold</item>
    </style>

    <style name="referSubContentStyle">
        <item name="android:layout_marginTop">4dp</item>
        <item name="android:lineSpacingExtra">3dp</item>
        <item name="android:textColor">@color/white</item>
        <item name="android:textSize">12sp</item>
    </style>

    <!--    主页 我的页面 下方选择列表的style-->
    <style name="mineSelectionLayoutStyle">
        <item name="android:layout_height">45dp</item>
        <item name="android:layout_width">match_parent</item>
        <item name="android:orientation">horizontal</item>
        <item name="android:paddingStart">10dp</item>
        <item name="android:paddingEnd">10dp</item>
        <item name="android:background">@drawable/selector_white_gray_radius_little</item>
    </style>

    <style name="mineSelectionImageStyle">
        <item name="android:layout_width">15dp</item>
        <item name="android:layout_height">15dp</item>
        <item name="android:layout_gravity">center_vertical</item>
    </style>

    <style name="mineSelectionTextStyle">
        <item name="android:layout_width">0dp</item>
        <item name="android:layout_weight">1</item>
        <item name="android:layout_height">match_parent</item>
        <item name="android:gravity">center_vertical</item>
        <item name="android:layout_marginStart">10dp</item>
        <item name="android:textColor">#666666</item>
        <item name="android:textSize">14sp</item>
    </style>

    <style name="mineSelectionArrowStyle">
        <item name="android:layout_width">20dp</item>
        <item name="android:layout_height">20dp</item>
        <item name="android:layout_gravity">center_vertical</item>
        <item name="android:src">@drawable/icon_arrow_right</item>
    </style>

    <!--    首页tab-->
    <style name="tab">
        <item name="android:layout_height">56dp</item>
        <item name="android:layout_width">match_parent</item>
        <item name="android:layout_weight">1</item>
        <item name="android:gravity">center</item>
        <item name="android:textSize">12dp</item>
        <item name="android:paddingTop">10dp</item>
        <item name="android:textColor">@color/bottombar_textcolor_selector</item>
        <item name="android:button">@null</item>
    </style>

    <!--    下拉菜单style-->
    <style name="spinner_user_style">
        <item name="android:layout_height">26dp</item>
        <item name="android:layout_centerVertical">true</item>
        <item name="android:background">@drawable/bg_user_spinner</item>
        <item name="android:dropDownVerticalOffset">0dp</item>
        <item name="android:dropDownHorizontalOffset">0dp</item>
        <item name="android:dropDownSelector">@color/white</item>
        <item name="android:dropDownWidth">match_parent</item>
        <item name="android:gravity">left</item>
        <item name="android:popupBackground">@drawable/bg_spinner_pop</item>
        <item name="android:spinnerMode">dropdown</item>
    </style>

    <style name="editCellItemStyle">
        <item name="android:layout_width">match_parent</item>
        <item name="android:layout_height">wrap_content</item>
        <item name="android:layout_marginStart">15dp</item>
        <item name="android:layout_marginEnd">15dp</item>

    </style>

    <style name="siteSurveyTitleStyle">
        <item name="android:layout_width">wrap_content</item>
        <item name="android:layout_height">match_parent</item>
        <item name="android:textStyle">bold</item>
        <item name="android:textColor">@color/color_3</item>
        <item name="android:textSize">18sp</item>
    </style>

    <!-- 法律声明界面textview -->
    <style name="legalStatementText">
        <item name="android:layout_width">wrap_content</item>
        <item name="android:layout_height">wrap_content</item>
        <item name="android:layout_marginBottom">7dp</item>
        <item name="android:textSize">13dp</item>
        <item name="android:textColor">@color/color_6</item>
    </style>

    <!-- 功率计算等输入框 -->
    <style name="toolInput">
        <item name="android:background">@drawable/shape_edit_text</item>
        <item name="android:gravity">center_vertical</item>
        <item name="android:paddingStart">10dp</item>
        <item name="android:textStyle">bold</item>
        <item name="android:textColor">@color/color_3</item>
        <item name="android:textSize">13sp</item>
        <item name="android:textColorHint">@color/color_3</item>
    </style>
    <!-- 功率计算等 单位文字显示 -->
    <style name="toolUnitText">
        <item name="android:gravity">center_vertical</item>
        <item name="android:textStyle">bold</item>
        <item name="android:textColor">@color/color_3</item>
        <item name="android:textSize">13sp</item>
        <item name="android:layout_marginStart">3dp</item>
    </style>

    <!-- 功率计算等 文字显示 -->
    <style name="toolText">
        <item name="android:gravity">center_vertical</item>
        <item name="android:textColor">@color/color_6</item>
        <item name="android:textSize">12sp</item>
    </style>
</resources>

