<?xml version="1.0" encoding="utf-8"?>
<resources>


    <array name="intervalRotateAngle">
        <item>0°</item>
        <item>45°</item>
        <item>90°</item>
        <item>135°</item>
        <item>180°</item>
        <item>225°</item>
        <item>270°</item>
        <item>315°</item>
    </array>

    <array name="intervalCell">
        <item>小区1</item>
        <item>小区2</item>
        <item>小区3</item>
    </array>

    <array name="carriied">
        <item>移动</item>
        <item>联通</item>
        <item>电信</item>
    </array>

    <array name="yesOrno">
        <item>是</item>
        <item>否</item>
    </array>
    <array name="powerType">
        <item>外部引用</item>
        <item>机房本身</item>
    </array>
    <array name="externalTpye">
        <item>直供电</item>
        <item>转供电</item>
    </array>

    <array name="voltageTpye">
        <item>220V</item>
        <item>380V</item>
        <item>高压</item>
    </array>

    <string-array name="site_around">
        <item>进站照片</item>
        <item>站点360°环境照片</item>
        <item>机房照片</item>
        <item>塔桅及天面照片</item>
        <item>FA基站天线安装位置照片</item>
        <item>D基站天线安装位置照片</item>
        <item>FDD900基站天线安装位置照片</item>
        <item>FDD1800基站天线安装位置照片</item>
    </string-array>

    <array name="effectiveness_rediction">
        <item>楼宇覆盖高度估算</item>
        <item>宏站链路估算</item>
        <item>Pattern和机械下倾角的规划</item>
    </array>

    <array name="sumilation_state">
        <item>全部</item>
        <item>未完成</item>
        <item>已完成</item>
    </array>

    <array name="input_type">
        <item>输入框</item>
        <item>单选</item>
        <item>多选</item>
    </array>

    <array name="device_name">
        <item>八通道RRU</item>
        <item>双通道RRU</item>
        <item>一体化RRU</item>
        <item>微站Relay</item>
        <item>MDAS远端室外</item>
        <item>MDAS远端室内</item>
        <item>企业级NANO</item>
        <item>企业级Pico</item>
        <item>家庭级Femto</item>
        <item>Pico</item>
        <item>微放器</item>
        <item>普通室分系统末端</item>
    </array>

    <string-array name="device_power">
        <item>80</item>
        <item>40</item>
        <item>20</item>
        <item>10</item>
        <item>0.5</item>
        <item>0.5</item>
        <item>0.5</item>
        <item>0.5</item>
        <item>0.25</item>
        <item>0.2</item>
        <item>0.05</item>
        <item>0.015</item>
    </string-array>

    <string-array name="device_gain">
        <item>15.5</item>
        <item>10</item>
        <item>10</item>
        <item>10</item>
        <item>10</item>
        <item>2.5</item>
        <item>2.5</item>
        <item>2.5</item>
        <item>2.5</item>
        <item>2.5</item>
        <item>2.5</item>
        <item>3.0</item>
    </string-array>

    <string-array name="device_loss">
        <item>1.5</item>
        <item>1.5</item>
        <item>1.5</item>
        <item>0.5</item>
        <item>0.5</item>
        <item>0</item>
        <item>0</item>
        <item>0</item>
        <item>0</item>
        <item>0</item>
        <item>0</item>
        <item>0</item>
    </string-array>

    <string-array name="lte_frequency_band">
        <item>900</item>
        <item>1900</item>
        <item>2300</item>
        <item>2600</item>
    </string-array>

    <string-array name="spread_distance">
        <item>1</item>
        <item>10</item>
        <item>20</item>
        <item>30</item>
        <item>40</item>
        <item>50</item>
        <item>100</item>
        <item>150</item>
        <item>200</item>
        <item>250</item>
        <item>300</item>
        <item>350</item>
        <item>400</item>
        <item>450</item>
        <item>500</item>
        <item>550</item>
        <item>600</item>
        <item>650</item>
        <item>700</item>
        <item>750</item>
        <item>800</item>
        <item>850</item>
        <item>900</item>
        <item>950</item>
        <item>1000</item>
    </string-array>

    <string-array name="wall_num">
        <item>0</item>
        <item>1</item>
        <item>2</item>
        <item>3</item>
        <item>4</item>
    </string-array>

    <integer-array name="wall_loss">
        <item>0</item>
        <item>20</item>
        <item>40</item>
        <item>50</item>
        <item>60</item>
    </integer-array>

    <string-array name="device_num">
        <item>2</item>
        <item>8</item>
    </string-array>

</resources>